#,Name,Clan,Age,Position,Background,Character Traits,Interests
1,Architekton Metrodoros Tekhnaios,Artificers,44,Master of Naval Engineering,"Metrodoros has designed and built the most advanced harbor fortifications and naval vessels in the eastern Mediterranean, earning recognition from military leaders and merchants alike for his innovative engineering solutions. His family has served as master craftsmen for generations, and he personally supervised the construction of the new harbor defenses that have protected our city-kingdom from recent pirate attacks. He is known for his ability to combine traditional Greek engineering techniques with innovations learned from Persian and Egyptian masters.","Brilliant and innovative, Skilled at combining different techniques, Respected across clan lines, Focused on practical solutions, Passionate about technological advancement","I believe my proven ability to create innovations that strengthen our city-kingdom makes me the ideal candidate to serve as King during these times of technological opportunity. My engineering projects have already saved countless lives and protected our prosperity, and I am confident that my leadership could guide us toward becoming the most technologically advanced city-kingdom in the Mediterranean. The position of Economic Advisor would also suit my talents, as I understand how to invest in innovations that generate long-term economic benefits.

My greatest fear is that leaders without technical expertise might make decisions that stifle innovation or waste resources on outdated approaches to our challenges. I worry that the Military clan's focus on traditional warfare might prevent us from developing the new technologies that could give us decisive advantages over our enemies. The Landlords' preference for stability and their suspicion of change could block the innovations that would improve our agricultural productivity and island defenses.

I would prioritize Innovation spending on developing new naval technologies, harbor engineering, and craftsmanship techniques that could revolutionize our capabilities. Trade spending should focus on acquiring new materials and techniques from foreign masters while establishing Kourion as a center for technological exchange. I favor alliance with Kition because their technological diversity and foreign connections could provide access to Persian engineering knowledge and Phoenician maritime innovations that would accelerate our development."
2,Sophia Hephaistia Polymechanikos,Artificers,38,Master of Mechanical Innovations,"Sophia has developed practical innovations that have improved daily life throughout our city-kingdom, from improved water systems to more efficient copper mining techniques. Born to a family of skilled metalworkers, she has earned recognition for her ability to solve complex problems with elegant, practical solutions that ordinary citizens can understand and use. Her innovations have increased productivity in multiple sectors while reducing the physical burden on workers throughout our island.","Practical and problem-solving oriented, Concerned with improving daily life, Skilled at making complex ideas accessible, Collaborative and inclusive, Focused on sustainable solutions","I am willing to serve as King if our clan believes my practical approach to innovation and my understanding of how technology affects ordinary citizens would benefit our city-kingdom. My focus is ensuring that whoever leads us prioritizes innovations that actually improve people's lives rather than pursuing impressive but impractical projects. The position of Economic Advisor would allow me to promote investment in technologies that generate real economic benefits while improving working conditions and productivity.

I fear that political leaders might prioritize expensive, prestigious projects over the practical innovations that would actually strengthen our city-kingdom's foundation. I worry that the Military clan's focus on weapons and fortifications might divert resources from the agricultural and civilian technologies that sustain our prosperity. My greatest concern is that conflicts between the clans might prevent us from maintaining the collaborative approach that has made our innovations successful.

I believe our budget should prioritize Innovation spending on practical technologies that improve productivity and quality of life, while ensuring that our innovations are accessible to all citizens rather than just benefiting the wealthy. I am open to learning from both Salamis and Kition, as different cultures often have complementary approaches to solving technical problems. My primary goal is ensuring that our technological advancement serves the real needs of our people while maintaining the independence that allows us to choose our own path."
3,Mekhanopoios Thales Nautilos,Artificers,42,Master of Harbor Engineering,"Thales specializes in designing and building the complex harbor infrastructure that makes Kourion's maritime commerce possible - breakwaters, docks, loading cranes, and ship repair facilities. He studied engineering in multiple cities across the Mediterranean, learning from Greek, Phoenician, and Egyptian masters to synthesize the best techniques from each tradition. His innovative harbor designs have increased Kourion's shipping capacity by nearly a third over the past decade, earning gratitude from merchants while making military leaders appreciate how engineering enhances naval power. He represents the practical, results-oriented side of the Artificers clan.","Practical problem-solver, Synthesizes diverse knowledge, Results-focused, Respected by multiple clans, Diplomatic engineer","I aspire to become King because I understand that our city-kingdom's prosperity depends on infrastructure and capability, not just tradition and talk. My engineering projects have demonstrated how investment in practical improvements creates opportunities for merchants, power for the military, and jobs for common citizens. If serving as Economic Advisor, I would ensure that budget allocations focus on tangible improvements that benefit multiple interests rather than being captured by single-clan priorities.

I fear that traditionalists will block necessary infrastructure improvements because they prefer familiar methods to proven better ones, while I also worry that some in my own clan might pursue theoretical innovations with little practical value. The greatest danger is that political leaders will prioritize spending that brings short-term political benefits over investments in infrastructure that pay dividends for generations. I'm also concerned that clan conflicts might prevent the cooperation necessary for major engineering projects that require resources from multiple sources.

My priorities would be Innovation spending focused on practical infrastructure - harbors, roads, water systems, fortifications - that serve multiple purposes and benefit the entire city-kingdom. Trade and Military spending should both include substantial infrastructure components since good facilities benefit both commerce and defense. I'm neutral on foreign alliances as long as they allow us to continue learning from foreign engineers and importing the best materials and techniques regardless of their origin. Good engineering knows no borders."
4,Trapezites Demetrios Chrysostomos,Bankers,47,Master of the Central Treasury,"Demetrios controls the largest banking operation in Kourion and has personal relationships with financial leaders across the Mediterranean, from Persian imperial banks to Egyptian grain merchants. His family has managed the city-kingdom's financial affairs for generations, and he personally negotiated the current debt agreements that allow our government to function during difficult periods. He is known for his sophisticated understanding of international finance and his ability to find creative solutions to complex economic problems.","Sophisticated and internationally minded, Skilled in complex financial negotiations, Pragmatic and analytical, Confident in his expertise, Protective of financial stability","I believe my deep understanding of financial systems and international economics makes me the natural choice to serve as King during these financially challenging times. No other candidate possesses the expertise needed to navigate the complex web of debts, trade agreements, and currency relationships that determine our city-kingdom's prosperity. The position of Economic Advisor would also suit my talents, as I could guide any King toward policies that maintain our financial stability and expand our economic opportunities.

My greatest fear is that leaders without financial expertise might make decisions that destabilize our economy or damage our relationships with international banking partners. I worry that the Military clan's preference for expensive military spending could bankrupt our city-kingdom or force us into unsustainable debt relationships. The Philosophers' idealistic notions about debt forgiveness and their influence on policy could undermine the trust and reliability that are essential for maintaining our access to credit and investment.

I would prioritize Finance spending to strengthen our banking systems and maintain our creditworthiness with international partners, while Trade spending should focus on expanding the commercial relationships that generate the revenue we need to service our debts. A strong alliance with Kition would provide access to Persian imperial financing and Phoenician commercial networks that could dramatically expand our economic opportunities. I am willing to accept higher taxation if it ensures our financial stability and maintains our ability to borrow when necessary."
5,Kyria Antigone Oikonomos,Bankers,41,Director of Debt Management,"Antigone specializes in managing the city-kingdom's debt obligations and has developed a reputation for careful, conservative financial management that prioritizes stability over rapid growth. Her family has served as financial advisors to Kourion's rulers for generations, and she is known for her ability to identify financial risks before they become crises. She advocates for sustainable financial practices and has successfully negotiated several debt restructuring agreements that have kept our city-kingdom solvent during difficult periods.","Conservative and risk-averse, Skilled at identifying financial risks, Focused on long-term stability, Careful and methodical, Protective of fiscal responsibility","I genuinely beleive my approach to strategic planning and resource management  make me a strong candidante to become the new King, not for myself, but for the benefits of the entire kingdom and our glorious clan. I am determined to ensure that whoever becomes King understands the importance of maintaining our financial stability and avoiding the reckless spending that has bankrupted other city-kingdoms. My role is to guide our clan toward the supreme power, or supporting candidates who will prioritize fiscal responsibility over popular  policies. If called upon to serve as Economic Advisor, I would bring the necessary discipline and caution to protect our prosperity.

I fear that political leaders might make popular promises about increased spending or tax reductions without understanding the long-term financial consequences. The Military clan's preference for expensive military projects concerns me because such spending could force us into unsustainable debt relationships or require emergency loans at unfavorable terms. I worry that the Merchants' focus on rapid expansion might lead to speculative investments that could destabilize our financial system if they fail.

I believe our budget should prioritize Finance spending on debt reduction and the maintenance of adequate reserves for emergencies, while avoiding any commitments that could compromise our financial flexibility. I am cautious about foreign alliances that might require expensive military commitments or trade guarantees that could strain our resources. My primary goal is ensuring that our city-kingdom maintains the financial independence and stability that allow us to weather economic storms without becoming dependent on potentially unreliable foreign creditors."
6,Kyria Lyra Theodoros,Bankers,35,Master of Investment Banking,"Lyra represents the new generation of bankers who specialize in financing large-scale projects and international investments rather than traditional lending. She has successfully organized funding for major harbor improvements and merchant fleet expansions, earning recognition for her ability to identify profitable opportunities and structure complex financing arrangements. Her innovative approach to banking has brought substantial profits to our clan while supporting the city-kingdom's economic development.","Innovative and opportunistic, Skilled at structuring complex deals, Ambitious and confident, Focused on growth and expansion, Comfortable with calculated risks","I am eager to serve as Queen if our clan believes my modern understanding of finance and investment would benefit our city-kingdom during these times of economic opportunity. My focus is ensuring that our clan's financial expertise shapes whatever policies the new Queen adopts, particularly regarding investment in growth projects and international economic partnerships. The position of Economic Advisor would allow me to promote innovative financial strategies that could dramatically increase our prosperity rather than settling for conservative approaches that limit our potential.

My greatest concern is that traditional, risk-averse approaches to finance might cause us to miss extraordinary opportunities for economic growth and expansion. I worry that the Landlords' preference for stability and the Military clan's focus on military spending could prevent us from making the bold investments that would position Kourion as a dominant economic power in the Mediterranean. If we fail to act decisively, other city-kingdoms might capture the financial opportunities that could transform our wealth and influence.

I believe we must prioritize Finance spending on investment projects that generate long-term revenue, while Innovation spending should focus on developing new financial instruments and banking techniques that give us competitive advantages. A strong alliance with Kition would provide access to Persian capital markets and Phoenician commercial networks that could revolutionize our economic capabilities. I am willing to accept higher debt levels if the borrowed funds are invested in projects that generate returns sufficient to service the debt while increasing our overall prosperity."
7,Argentarius Nikandros Nomismatikos,Bankers,51,Master of the Royal Mint,"Nikandros oversees Kourion's mint and currency operations, controlling the production and quality of our coinage - a position of immense power and responsibility. His family has held this position for three generations, building a reputation for absolute integrity in maintaining the purity and weight of Kourion's silver drachmas. He understands that sound currency is the foundation of all trade and banking, and has successfully defended the mint's independence from political pressure to debase the coinage for short-term gain. His knowledge of currency systems across the Mediterranean makes him an invaluable advisor on financial matters.","Meticulous and precise, Incorruptible, Deep financial knowledge, Conservative on currency matters, Respected across political lines","I believe I would serve excellently as King because I understand that financial credibility is the foundation of all political power - a city-kingdom with debased currency and questionable finances cannot be truly independent or strong. My decades of experience maintaining our coinage's reputation have taught me the importance of long-term credibility over short-term expediency. If serving as Economic Advisor, my expertise in currency and finance would ensure sound fiscal policy.

I fear above all that political leaders might succumb to the temptation to debase our currency or engage in reckless borrowing to fund popular but unsustainable programs. The Military clan's expensive ambitions could pressure us to devalue our coinage to pay for wars, which would destroy our trading relationships and commercial reputation. I also worry that aggressive merchants might push for currency manipulation to gain trade advantages, not understanding that such schemes ultimately destroy the trust that makes commerce possible.

My absolute priority would be Finance spending focused on maintaining the integrity of our currency, adequate gold and silver reserves, and sound banking practices that preserve confidence in Kourion's financial system. I oppose any policy that might compromise our coinage or require excessive debt that could force us to debase currency to repay. I prefer independence or limited alliances that don't require massive military spending that could threaten our fiscal stability. Sound money and sound policy must go together."
8,Trapezitria Iris Chrematistes,Bankers,38,Director of Commercial Banking,"Iris oversees the commercial banking operations that provide credit to merchants, shipbuilders, and other businesses throughout Kourion. She comes from a banking family of modest origins and rose through merit by demonstrating exceptional ability to assess credit risk and structure profitable loans. Unlike some of her more conservative clan members, Iris believes that calculated lending drives economic growth and that banks should be partners in prosperity rather than mere hoarders of gold. Her lending decisions have helped many successful businesses grow while maintaining sound lending practices that keep default rates low.","Analytically brilliant, Risk-aware but not risk-averse, Growth-oriented, Skilled at reading people and situations, Balances profit and prudence","I seek to ensure that whoever becomes King understands that smart lending and financial facilitation are essential for economic prosperity - hoarding wealth in vaults doesn't create jobs or opportunities. My experience evaluating hundreds of business proposals has taught me to distinguish between genuine opportunity and reckless speculation, and this judgment is exactly what Kourion needs in its leadership. While I could serve as King, I might be even more effective as Economic Advisor, where my financial expertise would directly shape policy.

I fear that overly conservative elements within my own clan might strangle economic growth through excessive caution, preventing the credit expansion that merchants and innovators need to create prosperity. At the same time, I worry that aggressive merchants might push for reckless lending or financial deregulation that could lead to a banking crisis and economic collapse. The Military clan's expensive projects could also crowd out productive lending by absorbing all available capital for non-productive military spending.

I would prioritize Trade and Finance spending in balance - supporting the commercial infrastructure that creates opportunities while ensuring the banking system has adequate capital and proper oversight. I also support Innovation spending, as new technologies and methods can dramatically improve productivity and create new lending opportunities. I favor the Kition alliance because it opens access to sophisticated Persian financial systems and larger commercial networks, though I would maintain lending relationships with all creditworthy borrowers regardless of politics."
9,Archon Apollodoros Kourionides,Landlords,50,Lord of the Eastern Coastal Estates,"Apollodoros comes from one of the most ancient noble families in Kourion, with estates that have been in his family since the founding of our city-kingdom. His lands stretch along the eastern coast and include some of the most fertile olive groves and grain fields on the island. He is known for his traditional values, his fair treatment of tenant farmers, and his deep knowledge of both agriculture and the island's history. His reputation as a steady, honorable leader has made him a natural spokesperson for the values of stability and continuity.","Noble and dignified, Deeply rooted in tradition, Fair and just in his dealings, Protective of established order, Wise in agricultural matters","As a member of one of the oldest and most respected families in Kourion, I believe I have both the birthright and the responsibility to serve as King during these turbulent times. My family's generations of leadership have prepared me to guide our city-kingdom with the wisdom and stability that comes from understanding our island's deepest traditions. The position of Economic Advisor would also suit my experience, as managing vast agricultural estates has taught me the fundamentals of resource allocation and long-term planning.

I fear that the growing influence of merchants and bankers threatens to transform our noble city-kingdom into a mere commercial enterprise, abandoning the values and traditions that have made us strong. The Military clan's eagerness for war concerns me because conflicts could devastate our agricultural lands and disrupt the seasonal cycles that sustain our people. I worry that the Philosophers' constant questioning of established order could undermine the respect for hierarchy and tradition that keeps our society stable.

I would prioritize Agriculture spending to improve our island's food security and support the farmers who form the backbone of our economy. Finance spending should focus on maintaining stable prices and preventing the market speculation that can ruin harvests and bankrupt honest farmers. I strongly favor an alliance with Salamis, as our Greek brothers share our respect for tradition and would provide reliable markets for our agricultural products without the cultural contamination that might come from closer ties with Persian-influenced Kition."
10,Kyria Alexandra Gerontos,Landlords,43,Manager of Interior Grain Estates,"Alexandra has transformed her family's inland estates into the most productive agricultural operations on the island through careful management and innovative farming techniques. Born to a family of modest landowners, she has expanded their holdings through shrewd business sense and her ability to maximize yields while maintaining soil quality. She is respected for her practical approach to agriculture and her success in negotiating fair agreements with both tenant farmers and grain merchants.","Practical and efficient, Innovative in agricultural methods, Skilled negotiator, Results-oriented, Adaptable to changing circumstances","I am willing to serve as King if our clan believes my practical experience and proven ability to manage resources effectively would benefit our city-kingdom during these challenging times. My focus is on ensuring that whoever leads us understands the fundamental importance of agricultural productivity and the need for policies that support sustainable land use. The position of Economic Advisor would allow me to apply my experience in resource management to help balance the competing demands of our various clans.

My greatest concern is that political leaders might make decisions based on ideology or tradition rather than practical considerations, potentially harming our agricultural productivity and food security. I worry that the Merchants' focus on trade profits might lead to policies that favor copper exports over food production, making us dangerously dependent on imported grain. The Military clan's preference for expensive military spending could divert resources from the agricultural improvements that would strengthen our island's long-term prosperity.

I believe our budget should prioritize Agriculture spending on irrigation systems and storage facilities that improve our food security, while Trade spending should focus on developing reliable markets for our agricultural surplus. I am open to alliances with either Salamis or Kition, provided they guarantee stable markets for our products and do not interfere with our agricultural practices. My primary goal is ensuring that our policies support the farmers and landowners who produce the wealth that sustains our entire city-kingdom."
11,Strategos Timotheos Hoplites,Landlords,55,"Retired Military Commander, Lord of Hill Estates","Timotheos served with distinction in the military before inheriting his family's hill estates, which produce some of the finest wine and olive oil on the island. His unique combination of military experience and agricultural knowledge has made him a valuable advisor to both clans, and he is known for his ability to see the connections between military security and agricultural prosperity. He commands respect from both warriors and farmers, making him an influential voice in clan deliberations.","Experienced in both military and agricultural matters, Wise and strategic in thinking, Skilled at building alliances, Protective of island security, Prefers to advise rather than lead","The crown is not a perk, but a highest of responsibilities. I'm ready to take this responsibility, and use my takents and relations to make our city strong and prosperous. Whoever becomes King must understand the vital connections between agricultural stability and military security. My role is to guide our clan toward supporting candidates who will maintain the balance between economic prosperity and defensive preparedness that has kept our island safe and prosperous. If called upon to serve as Judge or Economic Advisor, I would bring my experience and wisdom.

My greatest fear is that political leaders might treat military security and agricultural prosperity as competing interests rather than complementary necessities. I worry that the Merchants' focus on trade expansion might lead us into foreign entanglements that require military responses we cannot afford, while the Military clan's preference for expensive military spending could undermine the agricultural foundation that supports our entire economy. The failure to maintain proper balance between these concerns could leave us vulnerable to both external enemies and internal instability.

I believe our budget should carefully balance Agriculture and Military spending, ensuring that our food production remains secure while our defenses remain strong enough to protect our lands from external threats. I strongly favor an alliance with Salamis because their military traditions complement our agricultural strengths, and their Greek heritage means they understand the importance of the land-based prosperity that sustains military power. Any alliance must guarantee protection for our agricultural territories and respect for the traditional relationship between landowners and citizen-soldiers."
12,Kyrios Philippos Agronomos,Landlords,44,Master of the Western Olive Groves,"Philippos oversees the most productive olive groves in western Kourion, lands that have been in his family for eight generations. He is renowned throughout the Mediterranean for the quality of his olive oil, which commands premium prices in both Greek and Phoenician markets. Unlike some traditional landlords, Philippos has carefully studied agricultural innovations and selectively adopted improvements that increase yields without compromising quality. His success has made him wealthy and influential, and he represents a pragmatic faction within the clan that values prosperity alongside tradition.","Practical and results-oriented, Quality-focused, Open to proven innovations, Commercially savvy, Dignified but approachable","I believe I would make an excellent King because I understand both the traditional values that have sustained Kourion and the practical realities of competing in Mediterranean markets. My success in producing the finest olive oil shows my ability to honor tradition while embracing improvements, and this balanced approach is what our city-kingdom needs. If serving as Economic Advisor, I would bring extensive experience in managing resources and understanding how agricultural prosperity forms the foundation of all other wealth.

I fear that excessive focus on trade and banking could undermine the agricultural base that has sustained our island for centuries. Merchants may see land as just another commodity to be bought and sold for profit, rather than as the sacred heritage passed down through generations. I'm also concerned that military spending could drain resources needed for agricultural infrastructure, while heavy taxation on land could make farming unprofitable and drive people from the fields into overcrowded cities.

My priority would be Agriculture spending focused on irrigation systems, storage facilities, and quality improvements that enhance rather than replace traditional methods. Trade spending should support finding better markets for our agricultural products rather than importing foreign goods that compete with local production. I prefer the Salamis alliance because Greek markets appreciate quality over mere quantity, and their traditional values align with our own, though I'm pragmatic enough to sell to anyone who pays fair prices."
13,Despoina Theodora Ktemates,Landlords,48,Lady of the Northern Vineyards,"Theodora controls the extensive vineyards of northern Kourion, producing wines that are celebrated across the Mediterranean. Widowed young, she proved her capability by not only maintaining but expanding her late husband's estates through shrewd management and careful diplomacy with neighboring landowners. She is particularly skilled at mediating disputes and building consensus among the often fractious landlord families. Her vineyards employ hundreds of workers, making her deeply invested in social stability and the welfare of common people who depend on the land.","Diplomatic and wise, Skilled mediator, Socially conscious, Strong but compassionate, Bridge-builder","I seek to ensure that whoever becomes King understands that the prosperity of Kourion rests not just on the wealth of nobles but on the wellbeing of all people connected to the land. My experience managing large estates has taught me that stability and fair treatment create more value than exploitation and rigid hierarchy. While I could serve as King, I recognize that my greatest strength lies in building coalitions and ensuring all voices are heard, making me an ideal kingmaker who can unite diverse factions.

I fear that growing wealth inequality and the rising power of financiers could create dangerous resentment among common people. If merchants and bankers come to dominate, they may treat people as mere resources to be bought and sold like any other commodity, destroying the traditional bonds between landowners and those who work the land. I'm also concerned that military adventures could conscript farmers and workers needed for harvests, leading to food shortages and social unrest.

I would prioritize Agriculture and Social spending, ensuring that our agricultural base remains strong while providing for the wellbeing of all citizens, not just the wealthy. I believe stability and prosperity flow from the ground up - if farmers and workers prosper, everyone benefits. I'm cautious about foreign alliances that might drag us into wars, preferring independence or limited partnerships that don't require military commitments that could disrupt harvests or drain resources from social programs."
14,Archon Herakles Geouchikos,Landlords,53,Lord of the Central Plains,"Herakles controls the vast grain fields of central Kourion, the breadbasket that feeds our city-kingdom. His family claims descent from the original settlers who first cultivated these plains, and he takes this heritage with utmost seriousness. He is known as one of the most conservative members of the Landlords clan, deeply suspicious of change and fiercely protective of traditional land rights and hierarchies. His control over grain supplies gives him significant political leverage, though he rarely uses it overtly, preferring to work through traditional channels and established relationships.","Deeply conservative, Suspicious of innovation, Politically powerful but subtle, Protector of tradition, Proud of ancient lineage","I do not actively seek the crown, but if the clans called upon me, I would accept out of duty to preserve the traditions and values that have sustained Kourion since its founding. More importantly, I am determined to prevent any King from implementing dangerous innovations or foreign ideas that could undermine our agricultural foundation and social hierarchy. I will support candidates who respect the old ways and understand that the land and those who own it form the natural foundation of proper society.

I fear the corrupting influence of merchant wealth and banking schemes that treat land as mere collateral rather than sacred heritage. The Artificers' innovations threaten to disrupt traditional farming methods that have worked for generations, while Philosophers fill young minds with dangerous ideas about changing social arrangements that have maintained order since ancient times. I'm particularly concerned about any King who might try to redistribute land or change taxation in ways that undermine legitimate property rights.

My absolute priority is protecting Agriculture through traditional methods and preventing any interference with established land ownership and farming practices. I oppose excessive taxation on agricultural lands and resist any budget priorities that might drain resources from supporting traditional farming communities. I favor Salamis because they share our Greek values and respect for tradition, while I deeply distrust Kition's cosmopolitan mixing of peoples and ideas that could contaminate our pure Greek heritage."
15,Georgios Agronakis,Landlords,33,Manager of the Southern Estates,"Georgios represents a younger generation of landlords who inherited smaller estates and have built them into profitable enterprises through hard work and practical innovation. Unlike the great noble families, he comes from lesser nobility and has earned his position in clan councils through demonstrated competence rather than ancient lineage. He has successfully integrated some Artificers' innovations into his farming operations - improved plows, better irrigation systems - while maintaining profitable relationships with Merchants who export his produce. His success makes him both admired and resented within the more traditional clan circles.","Hardworking and practical, Open to useful innovation, Entrepreneurial mindset, Bridge between tradition and progress, Ambitious but grounded","I am determined to prove that the Landlords clan can adapt to changing times without abandoning our core values. While I respect tradition, I believe we must embrace innovations that increase productivity and prosperity rather than clinging to methods simply because they're old. I don't seek the crown for myself - I'm too young and lack the ancient lineage - but I will support candidates who understand that protecting agriculture means making it profitable and competitive, not just preserving it like a museum piece.

I fear that the older, more conservative members of my own clan may resist necessary changes until it's too late, allowing merchants and bankers to buy up struggling farms and turn agricultural land into commercial real estate. At the same time, I worry that too much innovation too fast could disrupt the seasonal rhythms and traditional knowledge that remain essential to successful farming. The greatest danger is being trapped between hidebound tradition and reckless change, unable to find the practical middle ground.

I would prioritize Agriculture spending focused on infrastructure improvements and selective innovation that enhances productivity - better roads to markets, improved storage, practical tools. Trade spending is also important to ensure good markets for our products. I'm open to alliances with either Salamis or Kition based on which offers better markets for our agricultural products, and I'm particularly interested in arrangements that protect our farmers from predatory banking practices while still allowing access to credit for improvements."
16,Navarch Theodoros Phoenikiades,Merchants,45,Master of Maritime Trade,"Theodoros has built the largest trading fleet in Kourion, with ships that regularly sail to Egyptian ports, Phoenician cities, and Persian markets across the Mediterranean. His family has been involved in copper trade for generations, and he personally negotiated the favorable trading agreements that now provide 30% of our city-kingdom's budget. Known for his shrewd business sense and diplomatic skills, he has earned respect even from rival clans who benefit from the prosperity his trade networks bring to our island.","Shrewd and diplomatically skilled, Visionary about trade opportunities, Pragmatic and results-oriented, Confident and persuasive, Protective of merchant interests","I have proven my leadership abilities through building our trade networks and contributing substantially to our city-kingdom's prosperity, and I believe I am the natural choice to serve as King. My experience in negotiating with foreign powers and managing complex commercial relationships has prepared me to guide Kourion through the challenging political waters we face. The position of Economic Advisor would also suit my talents, as I understand how to balance budgets and maximize revenue better than any member of the other clans.

My greatest fear is that military-minded leaders will prioritize expensive wars over profitable trade, potentially destroying the commercial relationships that sustain our island's prosperity. I worry that the Military clan's obsession with Salamis could drag us into conflicts that benefit no one except weapon-makers and glory-seekers. The Philosophers' idealistic notions about independence and their influence on our youth could undermine the practical compromises necessary for successful international commerce.

I would prioritize Trade spending to expand our harbor facilities and build more merchant vessels, ensuring that our commercial advantages continue to grow. Innovation investment should focus on maritime technologies that improve our trading capabilities and harbor defenses. A strong alliance with Kition would open new markets and provide access to Persian wealth, while their Phoenician connections could teach us new trading techniques that would benefit our entire city-kingdom for generations to come."
17,Emporios Helena Kypriades,Merchants,52,Guild Master of Copper Traders,"Helena controls the most established copper trading routes and has maintained steady relationships with traditional Greek trading partners for over two decades. Her family's copper mines in the interior have provided consistent wealth for generations, and she represents the more conservative elements within our clan who prefer proven methods over risky innovations. She is known for her careful judgment and ability to build consensus among diverse merchant interests, making her a respected voice in clan deliberations.","Cautious and conservative, Skilled at building consensus, Loyal to traditional trading partners, Risk-averse but steady, Wise and experienced","I'm not one of those seeking the crown just for their own glory and flatter self-esteem. But I know I might be a great ruler for our city in these troubled times. I am determined to ensure that whoever becomes King understands the importance of maintaining our established trading relationships and avoiding reckless changes that could disrupt our prosperity. My role is to guide our clan's support toward candidates who will protect our commercial interests while respecting the stability that has made our success possible. If I were to serve as Economic Advisor, I would bring the wisdom of experience to prevent costly mistakes that could harm our city-kingdom's financial foundation.

I fear that younger, more aggressive merchants might push for rapid expansion that could anger our traditional partners or lead us into dangerous foreign entanglements. The Military clan's preference for Salamis concerns me because it might force us to abandon profitable relationships with eastern markets, while their focus on expensive military spending could burden our trade with heavy taxation. I also worry that political instability could damage the trust that is essential for long-term commercial success.

I believe our budget should prioritize Trade spending on infrastructure improvements that benefit all merchants, not just the wealthy ship-owners, and ensure that our traditional copper trade remains profitable. Finance spending should focus on maintaining stable currency and reliable banking systems that support steady commerce rather than speculative ventures. While I understand the appeal of Kition's markets, I prefer maintaining our independence and working with all partners rather than becoming too dependent on any single alliance that might limit our trading flexibility."
18,Nauplios Kyros Salaminiades,Merchants,31,Captain of New Trade Routes,"Kyros represents the new generation of merchants who are eager to expand into unexplored markets and experiment with innovative trading methods. He has successfully established profitable routes to distant lands and pioneered new techniques for preserving goods during long sea voyages. Born to a family of modest traders, he has risen through talent and ambition, earning recognition for his ability to identify opportunities that others miss and his skill at adapting quickly to changing circumstances.","Innovative and ambitious, Adaptable and opportunistic, Enthusiastic about new possibilities, Competitive and driven, Skilled at identifying market opportunities","I am eager to serve as King if our clan believes I can best advance our commercial interests, though I recognize that my youth might make some prefer more experienced candidates. My focus is ensuring that our clan's innovative spirit and entrepreneurial energy shape whatever decisions the new King makes. The position of Economic Advisor would allow me to push for bold economic policies that could dramatically increase our prosperity, rather than settling for the cautious approaches that have limited our growth.

My greatest concern is that conservative voices within our own clan might hold us back from seizing the extraordinary opportunities that current circumstances present. I worry that the Military clan's focus on traditional values and the Landlords' preference for stability could prevent us from adapting to the rapidly changing Mediterranean trade environment. If we fail to act decisively, other city-kingdoms might capture the markets and relationships that could make Kourion the dominant trading power in the region.

I believe we must prioritize Trade spending on building new types of vessels and establishing trading posts in distant markets, while Innovation investment should focus on developing new preservation techniques and navigation methods that give us competitive advantages. A strong alliance with Kition would provide access to Persian wealth and Phoenician expertise that could revolutionize our trading capabilities. I am willing to accept higher taxes on our activities if the increased revenue funds expansion projects that multiply our long-term profits."
19,Emporios Zeno Panhellenios,Merchants,40,Master of the Eastern Trade Routes,"Zeno built his fortune by establishing and maintaining the complex network of trade relationships connecting Kourion to the eastern Mediterranean markets, including Egypt, the Levant, and the Persian-influenced cities. He speaks multiple languages fluently and has lived in foreign ports for extended periods, giving him deep understanding of different commercial cultures and practices. His cosmopolitan outlook and ability to navigate diverse business environments make him invaluable to the Merchants clan, though his frequent praise of foreign practices sometimes makes traditional Greeks uncomfortable.","Cosmopolitan and culturally aware, Multilingual diplomat, Skilled negotiator, Comfortable with foreign customs, Sometimes seen as too foreign-friendly","I aspire to become King because I understand the interconnected nature of the Mediterranean world in ways that more insular leaders cannot. Our prosperity depends on maintaining relationships across cultural boundaries, and my experience navigating foreign courts and markets has prepared me to guide Kourion through the complex diplomatic landscape we face. If serving as Economic Advisor, I would bring unmatched knowledge of international trade and finance to ensure our city-kingdom thrives in an increasingly connected world.

I fear that xenophobic elements within the Military and Landlords clans could push us toward isolation or exclusive alliances that cut us off from profitable markets and valuable partnerships. The greatest threat to our prosperity is not foreign influence but our own inability to adapt to a changing Mediterranean where rigid adherence to Greek superiority could leave us bypassed and impoverished. I also worry that traditional prejudices could blind us to opportunities and threats emerging from the east.

My priorities would be Trade spending focused on expanding and protecting our eastern routes, and Innovation spending to ensure our merchants have access to the latest navigation, communication, and commercial techniques. I strongly favor the Kition alliance because it provides access to the vast Persian markets and the sophisticated Phoenician commercial networks, though I would maintain friendly trading relations with Salamis and all other partners. I believe prosperity comes from inclusion, not exclusion."
20,Naukleros Kallisto Thalassopoula,Merchants,35,Owner of the Silver Dolphin Trading Company,"Kallisto inherited a modest shipping business from her father and transformed it into one of Kourion's most successful trading companies through bold decisions and calculated risks. As a woman in a male-dominated industry, she has had to prove herself repeatedly, earning respect through consistently profitable ventures and fair dealing with both crew and trading partners. She specializes in the luxury goods trade - fine pottery, jewelry, specialty foods - and has developed a reputation for understanding what wealthy customers want before they know it themselves. Her success has made her one of the wealthiest merchants in Kourion.","Bold and entrepreneurial, Market-savvy, Determined to prove herself, Fair but competitive, Understands luxury markets","I am determined to demonstrate that leadership ability, not gender or ancient family lineage, should determine who guides our city-kingdom. My success in building a trading empire from modest beginnings proves my capability, and I believe Kourion needs leaders who understand how to create wealth through innovation rather than merely inheriting it. While I harbor royal ambitions, I know I must first overcome prejudices by making my success so undeniable that even traditionalists must acknowledge my worth.

I fear that conservative elements will prioritize preserving their inherited privileges over promoting capable leaders or adopting policies that create broadly shared prosperity. The Military clan's obsession with honor and tradition could lead to expensive wars that disrupt the trade routes my business depends on, while the Landlords' resistance to change could prevent necessary economic evolution. I'm also concerned that male merchants might not fully support a woman's candidacy even within my own clan.

I would prioritize Trade spending on infrastructure that benefits all merchants, not just the established powers - better harbors, market facilities, commercial courts to resolve disputes fairly and quickly. Innovation spending would support new commercial methods and technologies that give Kourion's merchants competitive advantages. I'm pragmatic about alliances, favoring Kition for its commercial opportunities but willing to work with Salamis if they offer better terms. What matters is what benefits Kourion's prosperity, not sentiment or tradition."
21,Strategos Nikias Korragos,Military,42,Senior Naval Commander,"Nikias comes from a distinguished military family that has served Kourion for three generations, with his grandfather having fought in the great naval battles that secured our island's independence. He has personally commanded our war galleys in successful campaigns against pirate confederations, earning recognition for his strategic brilliance and unwavering courage under fire. His reputation as both a skilled tactician and honorable leader makes him widely respected throughout the military ranks and among the common citizens.","Honorable and decisive, Strategically brilliant but sometimes rigid, Protective of Kourion's traditions, Charismatic leader, Suspicious of foreign influences","I have dedicated my life to serving Kourion, and I believe the time has come for me to serve as King. My military experience has taught me that strong leadership requires both courage and wisdom, and I am confident I can guide our island city-kingdom through these turbulent times. The role of Economic Advisor would also suit my talents, as military campaigns have given me deep understanding of resource management and strategic planning. I know that my clan brothers respect my achievements and would support my candidacy.

The thought of seeing our ancient traditions corrupted by foreign gold or merchant greed fills me with dread. If the Bankers or Merchants gain power, they might prioritize profit over honor, potentially leading us into alliances that compromise our sovereignty. I particularly worry about the Philosophers' influence on our youth, as their questioning of established order could weaken the discipline that has kept our island strong. The failure to elect a strong King could invite external enemies to exploit our internal divisions.

My primary goal is to strengthen our naval defenses and coastal fortifications, ensuring that no foreign power can threaten our independence. I would prioritize Military spending to expand our fleet and train more citizen-soldiers, while maintaining Social spending to keep our people united and loyal. An alliance with Salamis would honor our Greek heritage and provide the military partnership we need to face the growing threats from Persian-backed forces and Egyptian naval expansion."
22,Captain Lysander Heraklidos,Military,34,Captain of Coastal Defense,"Lysander is a rising star in the military, having distinguished himself by successfully integrating new naval technologies with traditional Greek fighting methods. Born to a family of bronze-smiths who shifted to military service, he understands both the practical and strategic aspects of warfare. His innovative approach to coastal defense, including the construction of new harbor fortifications and the training of elite marine units, has earned him recognition as a forward-thinking military leader who respects tradition while embracing necessary change.","Innovative and adaptable, Respectful of tradition but open to change, Diplomatic and pragmatic, Ambitious but patient, Skilled in both land and naval warfare","While I respect the experience of my senior colleagues, I believe our clan needs fresh leadership that can navigate the complex challenges facing Kourion. I am willing to serve as King if called upon, but I am equally prepared to support a candidate who truly understands the need for military innovation and strategic flexibility. The position of Economic Advisor would allow me to bridge the gap between military necessities and financial realities, ensuring our defenses remain strong without bankrupting our city-kingdom.

I fear that rigid adherence to old ways could leave us vulnerable to enemies who have adapted new tactics and technologies. The Merchants' focus on profit over security concerns me, but I also worry that complete rejection of their innovations might weaken our position. My greatest concern is that political divisions within our city-kingdom could prevent us from responding effectively to external threats, whether they come from Egyptian fleets, Assyrian armies, or Persian gold undermining our allies.

I would prioritize a balanced approach to governance, ensuring that Military spending focuses on both traditional strengths and new innovations in naval warfare. I believe we must invest in Innovation to develop better ships, weapons, and fortifications, while maintaining adequate Social spending to keep our citizen-soldiers motivated and loyal. Regarding alliances, I favor careful negotiation with both Salamis and Kition, choosing the partnership that best serves our long-term security rather than rushing into emotional decisions based on cultural preferences alone."
23,Commander Demetrios Alkibiades,Military,48,Commander of the Sacred Guard,"Demetrios is a veteran warrior who has served in the elite Sacred Guard that protects Kourion's temples and ceremonial traditions for over two decades. His family has held military positions since the founding of our city-kingdom, and he embodies the ancient virtues of courage, honor, and unwavering loyalty to clan and city. Known for his fierce devotion to traditional military values and his skill with both sword and spear, he commands deep respect among the older generation of soldiers and citizens who remember the old ways.","Deeply traditional and conservative, Fiercely loyal to clan and city, Uncompromising in matters of honor, Skilled warrior and disciplinarian, Suspicious of change and foreign influence","I do not seek the crown for personal glory, but I would accept it if my clan brothers believe I can best serve our military interests and preserve our ancient traditions. My focus is ensuring that whoever becomes King understands that our clan's strength and unity are essential for Kourion's survival. If I cannot serve as King, I would be honored to advise the ruler on military matters, using my experience to guide decisions that affect our warriors and our city's defense.

The greatest threat to our clan comes from those who would weaken our military traditions through compromise and foreign influence. I deeply distrust the Bankers and Merchants, who seem willing to sell our independence for profit, and I worry that their soft living has made them forget what it means to defend our island with blood and iron. The Philosophers' constant questioning of established order undermines the discipline and unity that our military requires, potentially creating divisions when we need solidarity most.

I would demand that any King prioritize Military spending above all else, ensuring our warriors have the best equipment, training, and support our city-kingdom can provide. Social spending must also remain strong to maintain the loyalty of our citizen-soldiers and their families. I firmly believe we must align with Salamis, our Greek brothers who share our warrior values and traditional ways, rather than compromise our honor through deals with Persian-influenced Kition or attempt to stand alone against the growing threats surrounding our island."
24,Admiral Kleomenes Thalassios,Military,39,Admiral of the Eastern Fleet,"Kleomenes commands the eastern naval squadron responsible for protecting Kourion's trade routes from pirates and foreign threats. He rose through the ranks through exceptional naval tactics and has secured numerous victories against Cilician pirates, earning him respect among both military personnel and merchants who benefit from safe waters. Unlike some of his clan brothers, Kleomenes understands the economic importance of maritime security and maintains working relationships with merchant captains. His balanced approach to military matters makes him a bridge between traditional military values and practical economic necessities.","Strategic and adaptable, Diplomatic yet firm, Understands economic-military balance, Respected by both military and merchants, Pragmatic leader","I seek to become King because I understand that true strength comes from both military power and economic prosperity - you cannot have one without the other. My experience commanding fleets has taught me that protecting commerce is as important as winning battles, and I believe this balanced perspective is what our city-kingdom needs. If not King, I would serve excellently as Economic Advisor, as I understand how military spending and economic prosperity must be carefully balanced to ensure both security and wealth.

I fear that rigid military traditionalists might alienate the economic clans whose resources fund our defenses, while I also worry that merchant-minded leaders might neglect our security until it's too late. The greatest danger would be a King who doesn't understand that naval power protects trade, and trade funds naval power - breaking this cycle would weaken us fatally. I'm also concerned that internal divisions could leave our waters vulnerable to pirates or foreign navies at a time when maritime threats are increasing.

My priority would be Military spending focused specifically on naval expansion and coastal fortifications, but balanced with Trade spending to ensure the prosperity that funds our defenses. I support maintaining strong relationships with both Salamis (for military cooperation) and Kition (for trade), believing that wise diplomacy can give us the benefits of both alliances without becoming dependent on either. I would ensure that our navy protects merchant ships as vigorously as it defends our shores."
25,Lieutenant Andreas Polemistes,Military,29,Commander of the City Guard,"Andreas is the youngest officer to ever command Kourion's prestigious City Guard, earning his position through exceptional skill in urban defense tactics and his ability to maintain order during civil unrest. He comes from a military family of modest means and has worked his way up through merit rather than family connections, making him popular among common soldiers and citizens alike. His youth and energy contrast with older military leaders, and he represents a new generation eager to prove their worth and modernize military practices while respecting tradition.","Young and ambitious, Meritocratic and fair, Popular with common soldiers, Energetic and reform-minded, Loyal to military values","I am determined to prove that youth and merit can serve Kourion as well as age and noble lineage. While I may not seek the crown for myself yet, I am committed to ensuring that our clan's interests are protected and that whoever becomes King recognizes the importance of a strong, well-trained military force loyal to Kourion rather than to foreign powers. I believe that military service should be rewarded based on achievement rather than birth, and I will support any candidate who shares this view.

I fear that the older generation of both military and civilian leaders may be too entrenched in their ways to see the threats we face from more innovative enemies. The Bankers and Philosophers sometimes seem to forget that their ability to debate and count coins depends entirely on the soldiers who keep them safe. I worry particularly that excessive taxation to fund merchant ventures or banking schemes could leave our military undermanned and poorly equipped when we need it most.

I believe our budget must prioritize Military spending not just for naval forces but also for the often-neglected city guard and infantry units that maintain internal order and defend against land-based threats. Social spending is also crucial to ensure that common soldiers and their families are cared for, which maintains loyalty and morale. I favor the Salamis alliance because it represents Greek military values and honor, though I'm open to any arrangement that strengthens our defenses rather than compromising them for commercial gain."
26,Hoplite Commander Philon Aspidos,Military,46,Commander of the Heavy Infantry,"Philon commands Kourion's elite hoplite phalanx, the backbone of our land-based military power. He is a veteran of numerous border skirmishes and has trained generations of heavy infantry in the traditional Greek fighting formation. Coming from a family of professional soldiers dating back five generations, Philon embodies military discipline and the warrior ethos. He is deeply respected within the military clan for his unwavering dedication to traditional combat values and his refusal to compromise on training standards, though some view him as inflexible.","Traditional and disciplined, Uncompromising on standards, Veteran warrior, Deeply honorable, Somewhat inflexible","I do not seek the crown for myself - I am a soldier, not a politician. However, I am absolutely committed to ensuring that whoever becomes King understands that military strength and discipline are the foundations upon which all other prosperity rests. Without strong warriors trained in the traditional ways, our city-kingdom would fall to the first enemy with the will to take it. I will support candidates who respect military tradition and understand that cutting military funding is cutting our own throats.

I fear that the merchants and bankers view soldiers as mere expenses rather than the guardians of everything they hold dear. Their constant pressure to reduce military spending and redirect resources to trade ventures or banking schemes fills me with dread - they are sacrificing long-term security for short-term profits. I am also deeply concerned about the Philosophers' influence on our youth, teaching them to question rather than to obey, which undermines the discipline essential for military effectiveness.

My priorities are clear: Military spending must be protected and increased, focusing on proper training, equipment, and support for our traditional heavy infantry alongside the navy. Social spending to maintain the warrior class and honor our veterans is essential. I strongly support the Salamis alliance, as they share our Greek martial values and would be reliable allies in battle, unlike the merchant-minded Phoenicians of Kition who would likely abandon us if trade interests conflicted with military obligations."
27,Strategos Kassandra Polemarch,Military,37,Strategic Defense Coordinator,"Kassandra is one of the few women to achieve high military rank in Kourion, earning her position through exceptional strategic brilliance and her role in designing the integrated defense system that coordinates our naval and land forces. She comes from a distinguished military family and studied military theory alongside practical combat training. Her innovative approach to defense planning has earned grudging respect even from traditional military leaders, though some still question whether a woman should hold such authority. She is known for her analytical mind and ability to anticipate enemy strategies.","Brilliant strategist, Analytical and forward-thinking, Determined to prove herself, Bridges tradition and innovation, Politically astute","I am determined to prove that leadership ability, not gender, should determine who guides our city-kingdom. While I harbor royal ambitions, I recognize that I must first overcome prejudices and demonstrate my worth beyond question. I am committed to supporting candidates who value strategic thinking and competence over tradition for tradition's sake, while still respecting the military values that have protected Kourion for generations. If not King, serving as Economic Advisor would allow me to demonstrate how strategic resource allocation can maximize our city-kingdom's power.

I fear that hidebound traditionalists - both within the military and in other clans - may allow their prejudices to blind them to necessary innovations and capable leaders. The greatest threat to Kourion is not external enemies but internal rigidity that prevents us from adapting to changing circumstances. I also worry that the economic clans may underestimate emerging military threats, particularly from new powers developing in the eastern Mediterranean who combine military strength with economic sophistication.

I believe the budget must balance Military spending with Innovation spending, as future wars will be won by those who combine traditional strength with new technologies and tactics. I am less concerned with whether we ally with Salamis or Kition than with ensuring any alliance is strategic rather than sentimental - we should partner with whoever can help us maintain security while preserving our independence. I would also prioritize Education spending to develop the next generation of strategic thinkers our city-kingdom will need."
28,Philosophos Sokrates Ethikos,Philosophers,51,Master of the Academy,"Sokrates leads the most respected school of philosophy in Kourion and has trained many of the young leaders who now serve in various clan positions throughout our city-kingdom. His family has served as teachers and advisors for generations, and he is known for his ability to see beyond immediate political concerns to the deeper ethical questions that should guide our decisions. His reputation for wisdom and integrity has made him a trusted advisor to leaders across all clans, even those who disagree with his positions.","Wise and thoughtful, Committed to ethical principles, Skilled at seeing long-term consequences, Respected across clan lines, Focused on justice and fairness","I do not seek the crown for personal ambition, but I would accept it and I would use the position to ensure that our city-kingdom's decisions are guided by wisdom and ethical principles rather than mere self-interest. My primary goal is to serve as a voice for the common good, helping our people understand that true prosperity comes from justice and virtue rather than wealth and power alone. The position of Economic Advisor would allow me to promote policies that benefit all citizens while maintaining the moral foundation that makes our society worth defending.

I fear that the pursuit of wealth and power might corrupt our leaders and cause them to abandon the principles that have made our city-kingdom a beacon of civilization. I worry that the Bankers' focus on profit and the Merchants' emphasis on trade expansion could lead to decisions that enrich a few while impoverishing many. My greatest concern is that conflicts between the clans might destroy the unity and trust that are essential for a just and prosperous society.

I believe our budget should prioritize Education and Culture spending to ensure that our citizens have the wisdom and knowledge needed to participate meaningfully in our democracy. Innovation spending should focus on developments that improve the human condition rather than merely increasing military or economic power. I favor full independence because I believe that true wisdom comes from understanding ourselves and our own values, not from dependence on foreign powers who may not share our commitment to justice and human dignity."
29,Didaskalos Aristoteles Politikos,Philosophers,39,Master of Political Studies,"Aristoteles has studied the governmental systems of city-kingdoms throughout the Mediterranean and has developed practical theories about how philosophical principles can be applied to real political challenges. Born to a family of scholars, he has earned recognition for his ability to bridge the gap between abstract philosophical concepts and the practical needs of governance. His writings on political theory have influenced leaders throughout our region, and he is known for his balanced approach to complex problems.","Intellectually rigorous, Skilled at practical applications of theory, Balanced and moderate in approach, Focused on effective governance, Comfortable with complexity","I am willing to serve as King if our clan believes my understanding of political theory and practical governance would benefit our city-kingdom during these complex times. My focus is ensuring that our philosophical principles are applied in ways that actually improve the lives of our citizens rather than remaining abstract ideals. The position of Economic Advisor would allow me to promote policies that balance competing interests while maintaining the ethical foundations that make our society worth preserving.

I fear that idealistic approaches to governance might ignore practical realities and lead to policies that sound noble but fail to address real problems. I worry that the Military clan's focus on honor and tradition might prevent necessary adaptations to changing circumstances, while the Merchants' emphasis on immediate profits could sacrifice long-term stability for short-term gains. My greatest concern is that political leaders might make decisions based on emotion or self-interest rather than careful analysis of consequences.

I believe our budget should balance Education and Culture spending with practical investments in the infrastructure and institutions that support good governance. I am open to alliances with either Salamis or Kition, provided they are based on mutual respect and shared values rather than mere convenience or profit. My primary goal is ensuring that our city-kingdom develops policies that are both philosophically sound and practically effective, creating a model of governance that other societies might wish to emulate."
30,Rhetor Kalliope Logike,Philosophers,45,Master of Rhetoric and Public Speaking,"Kalliope teaches rhetoric at Kourion's academy and serves as an advisor to citizens navigating legal and political matters. She is renowned for her ability to analyze arguments, identify logical fallacies, and articulate complex ideas in ways that move both hearts and minds. Coming from a merchant family, she brings practical understanding of commerce and politics to her philosophical training, making her less idealistic and more pragmatic than some philosophers. She has successfully mediated numerous disputes between clans and citizens, earning a reputation as someone who can find common ground even in bitter conflicts.","Eloquent and persuasive, Analytical and logical, Pragmatic philosopher, Skilled mediator, Understands politics and rhetoric","I seek to ensure that whoever becomes King understands the power of words and ideas in maintaining social cohesion and effective governance. My experience teaching rhetoric and mediating disputes has taught me that most conflicts arise from miscommunication and failure to understand others' perspectives rather than from irreconcilable differences. While I could serve as King, my greatest value might be as Economic Advisor or Senior Judge, where my ability to analyze situations clearly and communicate effectively would benefit all of Kourion.

I fear that leaders might rely solely on force, tradition, or wealth to govern, ignoring the importance of persuasion and genuine consent in creating stable, prosperous society. The Military clan's tendency to see every problem as requiring force, the Bankers' reduction of all value to coin, and the Landlords' appeals to mere tradition all miss the essential truth that good governance requires winning minds and hearts. I'm particularly concerned that cynical manipulation or empty rhetoric might replace genuine wisdom in political discourse.

I would prioritize Education spending focused on teaching all citizens - not just elites - to think clearly and communicate effectively, as this creates better citizens and more stable society. Social spending is also crucial to ensure that people have their basic needs met, making them receptive to reasoned argument rather than desperate for any promise of relief. I'm open to alliances with either Salamis or Kition based on which partnership would be negotiated through honest rhetoric rather than manipulation or force, and which would respect our intellectual and political independence."
